{"0.8808989034154244":{"user_id":1},"0.8516340631334032":{"user_id":1},"0.5384747446486349":{"user_id":1},"0.33927198996690255":{"user_id":2},"0.9326854378277689":{"user_id":2},"0.6526392157207095":{"user_id":2}}